{"cameraMode":{"drawMode":0,"name":"Shaded","section":"Shading Mode"},"sceneLighting":false,"audioPlay":false,"sceneViewState":{"showFog":true,"showMaterialUpdate":false,"showSkybox":false,"showFlares":true,"showImageEffects":true,"showParticleSystems":true},"in2DMode":false,"pivot":{"x":-5.0501813888549809,"y":0.6494591236114502,"z":4.332967758178711},"rotation":{"x":-0.014606161043047905,"y":-0.2274652123451233,"z":-0.003412241581827402,"w":0.9736710786819458},"size":3.0374932289123537,"orthographic":false}