{"cameraMode":{"drawMode":0,"name":"Shaded","section":"Shading Mode"},"sceneLighting":false,"audioPlay":false,"sceneViewState":{"showFog":true,"showMaterialUpdate":false,"showSkybox":true,"showFlares":true,"showImageEffects":true,"showParticleSystems":true},"in2DMode":false,"pivot":{"x":2.8460960388183595,"y":3.648818016052246,"z":-11.19339656829834},"rotation":{"x":0.0016625134740024806,"y":0.9979353547096252,"z":-0.027846073731780053,"w":0.05873412266373634},"size":7.1765289306640629,"orthographic":true}